;phoneId;location;motionType;mean(SCL);mean(SCR);mean(HR);mean(RR);mean(skinTemp);mad(SCL);mad(SCR);mad(HR);mad(RR);mad(skinTemp);std(SCL);std(SCR);std(HR);std(RR);std(skinTemp);RMSSD;SDNN;NN50;PNN50;receptivity
6;5a26ff32b07e944d86d30c6b;{'lat': 48.1491015680182, 'long': 11.57592601474135};1.0;2110.5410131712256;3.495623100303954;71.20243161094226;0.8344515209726437;30.02465045592705;85.40810687262677;3.3909558362050154;2.0068299442909807;0.07764893515174467;0.0841245738675735;103.12620144115772;5.445390100129269;2.4277379097857423;0.10194899530210476;0.11581280519360311;0.05787077963410721;0.10191803403288532;0;0.0;1.0
