;phoneId;location;motionType;mean(SCL);mean(SCR);mean(HR);mean(RR);mean(skinTemp);mad(SCL);mad(SCR);mad(HR);mad(RR);mad(skinTemp);std(SCL);std(SCR);std(HR);std(RR);std(skinTemp);RMSSD;SDNN;NN50;PNN50;receptivity
2;5a29bf65b07e944d86d377c7;{'lat': 48.14914551674816, 'long': 11.561899557008656};1.0;282075.0861538461;7513.529230769233;78.96923076923076;0.6585747692307685;24.099999999999998;5670.329278106492;3902.008899408283;1.5455621301775164;0.224905050887574;3.552713678800501e-15;7200.925957990505;4784.024493095579;1.8111566639963703;0.26451303720320024;3.580361673049448e-15;0.16802534607770084;0.2624724539457169;0;0.0;-1.0
3;5a29bf65b07e944d86d377c7;{'lat': 48.14922693611832, 'long': 11.561942377773455};1.0;280045.7272727273;3191.8909090909187;87.0;0.6885679999999996;-1.0;6238.69586776859;2901.7190082644715;0.0;0.07013890909090893;0.0;7271.34492034653;3326.95453858604;0.0;0.07590467609913275;0.0;0.0678603144582183;0.07416119323675398;0;0.0;1.0
4;5a29bf65b07e944d86d377c7;{'lat': 48.14923859455316, 'long': 11.561909677129695};1.0;280451.7858757062;6426.924858757069;88.0;0.7134559999999991;-1.0;4365.270592741522;3643.5575026333436;0.0;0.046682576271186445;0.0;5699.739460091101;4366.819024255231;0.0;0.06053316648718715;0.0;0.028164092693688282;0.06001848986673599;0;0.0;-1.0
5;5a29bf65b07e944d86d377c7;{'lat': 48.14921283101536, 'long': 11.561929306565581};1.0;283394.32657657657;7164.053603603612;88.0;0.6291507027027022;24.119999999999997;4565.125687850002;4192.8948502556605;0.0;0.2684898290723156;3.552713678800501e-15;5346.304855853176;5526.829539934732;0.0;0.2931986720499993;3.5769645656420196e-15;0.10571303683798994;0.2912128291839878;0;0.0;-1.0
7;5a29bf65b07e944d86d377c7;{'lat': 48.14915532656721, 'long': 11.56190222888311};1.0;281997.1301369864;6956.256164383563;79.0;0.6582250958904103;-1.0;4792.196284481118;3983.2574591855846;0.0;0.1691829791705761;0.0;5854.265382908731;4765.291090764378;0.0;0.20789817186653914;0.0;0.13731235232528816;0.20647071570752534;0;0.0;-1.0
